,Pupil Name,Date of Birth,School Birthday,Month of Birthday,Weekday of Birthday,BDs_per_WD_and_M
0,Ronna Nellies,12/21/2013,2022-12-21,12,2,9
1,Rusty Andriulis,7/21/2012,2022-07-21,7,3,12
2,Roberta Oakeshott,12/4/2011,2022-12-02,12,4,48
3,Lola Rubinfajn,6/29/2012,2022-06-29,6,2,15
4,Kamila Benedtti,7/10/2012,2022-07-08,7,4,49
5,Avery Colebourn,8/30/2012,2022-08-30,8,1,15
6,Valentino Klimko,12/23/2014,2022-12-23,12,4,48
7,Cal Shearwood,1/18/2015,2022-01-18,1,1,12
8,King Truswell,9/14/2012,2022-09-14,9,2,7
9,Towney Stichall,6/4/2015,2022-06-03,6,4,30
10,Aubrette Mc Dermid,10/9/2012,2022-10-07,10,4,27
11,Adah Chatres,12/27/2012,2022-12-27,12,1,8
12,Benedikt Titterton,1/10/2014,2022-01-10,1,0,14
13,Rosina Harberer,12/23/2012,2022-12-23,12,4,48
14,Panchito Filinkov,6/9/2013,2022-06-09,6,3,12
15,Samara Strike,6/26/2013,2022-06-24,6,4,30
16,Joane McCormack,4/17/2012,2022-04-15,4,4,56
17,Griffie Sitlinton,3/24/2014,2022-03-24,3,3,19
18,Gilberta Silversmidt,9/8/2014,2022-09-08,9,3,14
19,Marjie Matkovic,12/4/2011,2022-12-02,12,4,48
20,Uri Cowterd,12/12/2011,2022-12-12,12,0,20
21,Korella Mattisson,4/3/2015,2022-04-01,4,4,56
22,Findlay Schonfelder,1/19/2014,2022-01-19,1,2,14
23,Jaquelyn Jantzen,10/20/2012,2022-10-20,10,3,14
24,Davina Gradwell,11/7/2011,2022-11-07,11,0,11
25,Nicolea Selby,4/4/2014,2022-04-04,4,0,10
26,Moselle Alelsandrovich,12/22/2012,2022-12-22,12,3,20
27,Honey Nieass,11/23/2014,2022-11-23,11,2,17
28,Akim Godfroy,9/30/2012,2022-09-30,9,4,41
29,Karole Floch,11/6/2012,2022-11-04,11,4,39
30,Nata Feldbaum,5/7/2015,2022-05-06,5,4,30
31,Jaquelin Antonucci,5/3/2012,2022-05-03,5,1,15
32,Candra Hallums,8/11/2014,2022-08-11,8,3,10
33,Den Masters,10/3/2014,2022-10-03,10,0,14
34,Janifer Marris,5/21/2012,2022-05-20,5,4,30
35,Carolus Bremmer,9/15/2011,2022-09-15,9,3,14
36,Casey Addicote,9/25/2014,2022-09-23,9,4,41
37,Brigida De Ath,8/7/2014,2022-08-05,8,4,24
38,Kimberli Severs,9/19/2011,2022-09-19,9,0,7
39,Maribeth Blumson,8/27/2014,2022-08-26,8,4,24
40,Arabele Rosenauer,10/26/2012,2022-10-26,10,2,13
41,Madison Cominetti,7/17/2014,2022-07-15,7,4,49
42,Verina Knoton,4/4/2014,2022-04-04,4,0,10
43,Wolfgang Clubbe,4/20/2014,2022-04-20,4,2,12
44,Davin Mazdon,7/10/2015,2022-07-08,7,4,49
45,Constantina McIlwaine,8/26/2014,2022-08-26,8,4,24
46,Sayre Merredy,10/24/2014,2022-10-24,10,0,14
47,Rodrick Jeannot,10/19/2013,2022-10-19,10,2,13
48,Kain Guerre,8/10/2015,2022-08-10,8,2,10
49,Blinni Fieldstone,11/17/2013,2022-11-17,11,3,13
50,Annabell Goscomb,11/10/2013,2022-11-10,11,3,13
51,Clayborn Benazet,11/21/2014,2022-11-21,11,0,11
52,Mahala Henze,9/15/2014,2022-09-15,9,3,14
53,Lanette Berzen,11/18/2011,2022-11-18,11,4,39
54,Keefer Ruckhard,4/2/2013,2022-04-01,4,4,56
55,Merrili Truelock,11/27/2013,2022-11-25,11,4,39
56,Joete Goutcher,1/6/2015,2022-01-06,1,3,6
57,Miguelita Palfreman,2/17/2012,2022-02-17,2,3,12
58,Ossie Mattes,5/15/2012,2022-05-13,5,4,30
59,Bear Vernay,5/21/2014,2022-05-20,5,4,30
60,Teodor Wragge,8/14/2015,2022-08-12,8,4,24
61,Daisie Whitelaw,1/17/2014,2022-01-17,1,0,14
62,Emlynne Littley,2/5/2015,2022-02-04,2,4,31
63,Britni Walsh,7/12/2012,2022-07-12,7,1,12
64,Marys Inseal,11/16/2012,2022-11-16,11,2,17
65,Paxton Massow,2/11/2014,2022-02-11,2,4,31
66,Kerby Scain,10/30/2012,2022-10-28,10,4,27
67,Johnathan Lamplough,9/25/2013,2022-09-23,9,4,41
68,Jeni Donald,6/7/2013,2022-06-07,6,1,11
69,Sylvia Abrahamsohn,11/15/2012,2022-11-15,11,1,12
70,Cinnamon Stoyle,1/16/2012,2022-01-14,1,4,30
71,Issi Amey,10/20/2012,2022-10-20,10,3,14
72,Brion Letson,12/7/2012,2022-12-07,12,2,9
73,Nappie Sire,11/10/2011,2022-11-10,11,3,13
74,Pattie Chapelle,12/19/2011,2022-12-19,12,0,20
75,Brynna Armit,8/12/2012,2022-08-12,8,4,24
76,Gauthier Bruinsma,9/23/2013,2022-09-23,9,4,41
77,Pren Gudgeon,9/24/2013,2022-09-23,9,4,41
78,Wyn Husthwaite,5/11/2014,2022-05-11,5,2,8
79,Allianora Padrick,12/7/2011,2022-12-07,12,2,9
80,Malena Bennough,4/20/2013,2022-04-20,4,2,12
81,Jarret Winscom,3/5/2013,2022-03-04,3,4,31
82,Ree Salmen,11/14/2013,2022-11-14,11,0,11
83,Hope Dommerque,9/13/2014,2022-09-13,9,1,12
84,Guillermo Trowle,6/24/2013,2022-06-24,6,4,30
85,Tibold Cottingham,9/3/2013,2022-09-02,9,4,41
86,Cecilia Poxton,12/20/2013,2022-12-20,12,1,8
87,Arri Sleney,11/23/2013,2022-11-23,11,2,17
88,Regina Isenor,10/16/2011,2022-10-14,10,4,27
89,Annalise Roll,7/4/2012,2022-07-04,7,0,11
90,Othello Blyth,7/19/2014,2022-07-19,7,1,12
91,Ave Heyball,5/1/2012,2022-04-29,4,4,56
92,Friederike Civitillo,6/24/2015,2022-06-24,6,4,30
93,Hayley Rizzini,4/26/2014,2022-04-26,4,1,4
94,Blakelee Monery,12/4/2013,2022-12-02,12,4,48
95,Jacenta Cowton,6/18/2013,2022-06-17,6,4,30
96,Karlyn Westmoreland,6/10/2015,2022-06-10,6,4,30
97,Yancey Bachellier,2/1/2015,2022-02-01,2,1,13
98,Nerte Lissandrini,12/9/2011,2022-12-09,12,4,48
99,Dorolice Crosthwaite,1/6/2015,2022-01-06,1,3,6
100,Brantley Thorley,3/2/2012,2022-03-02,3,2,6
101,Robin Cypler,1/31/2015,2022-01-31,1,0,14
102,Phillie Allsepp,6/29/2012,2022-06-29,6,2,15
103,Toddie Artz,7/9/2013,2022-07-08,7,4,49
104,Marje Antoshin,12/26/2014,2022-12-26,12,0,20
105,Rochella Blazdell,3/31/2015,2022-03-31,3,3,19
106,Aryn Thursfield,2/25/2015,2022-02-25,2,4,31
107,Isaiah Antowski,1/12/2014,2022-01-12,1,2,14
108,Helli Owbridge,8/5/2014,2022-08-05,8,4,24
109,Hadrian Scourgie,3/20/2012,2022-03-18,3,4,31
110,Toddie Nanetti,10/4/2013,2022-10-04,10,1,9
111,Inger Sugar,11/25/2011,2022-11-25,11,4,39
112,Lezlie Meyer,3/19/2015,2022-03-18,3,4,31
113,Rowland Krinks,12/22/2014,2022-12-22,12,3,20
114,Fair Baumber,9/13/2011,2022-09-13,9,1,12
115,Ekaterina Graver,10/17/2013,2022-10-17,10,0,14
116,Farris Spear,3/3/2014,2022-03-03,3,3,19
117,Shanie Croisier,2/9/2014,2022-02-09,2,2,8
118,Fredric Skerme,3/12/2012,2022-03-11,3,4,31
119,Christoph Udall,10/15/2011,2022-10-14,10,4,27
120,Jared Koba,1/15/2012,2022-01-14,1,4,30
121,Lucina Gouley,2/16/2014,2022-02-16,2,2,8
122,Milka Fosbraey,10/30/2011,2022-10-28,10,4,27
123,Iseabal Aldwinckle,3/8/2013,2022-03-08,3,1,13
124,Colet Featherstonehaugh,7/7/2012,2022-07-07,7,3,12
125,Jewelle Skaif,1/19/2015,2022-01-19,1,2,14
126,Brose Plumridge,12/30/2012,2022-12-30,12,4,48
127,Dotty Oldknow,12/22/2013,2022-12-22,12,3,20
128,Stacy Conneely,10/13/2013,2022-10-13,10,3,14
129,Iona Ballister,6/20/2014,2022-06-20,6,0,9
130,Windy Curgenuer,10/28/2013,2022-10-28,10,4,27
131,Kienan Echalie,12/19/2014,2022-12-19,12,0,20
132,Nollie Curley,11/29/2013,2022-11-29,11,1,12
133,Joelle McGrory,6/23/2012,2022-06-23,6,3,12
134,Pooh Schmidt,6/5/2012,2022-06-03,6,4,30
135,Coral Phelipeaux,1/4/2012,2022-01-04,1,1,12
136,Gifford McKeachie,11/21/2014,2022-11-21,11,0,11
137,Orelee Videan,10/5/2013,2022-10-05,10,2,13
138,Toiboid Scamerden,11/5/2013,2022-11-04,11,4,39
139,Shirline Longstaff,7/13/2013,2022-07-13,7,2,19
140,Hurley D'Alessandro,1/16/2014,2022-01-14,1,4,30
141,Orelia Di Domenico,11/7/2014,2022-11-07,11,0,11
142,Glynda O'Corrin,2/14/2013,2022-02-14,2,0,12
143,Bailie Caraher,10/5/2013,2022-10-05,10,2,13
144,Elizabeth Pattenden,6/7/2013,2022-06-07,6,1,11
145,Florian Lardnar,8/4/2014,2022-08-04,8,3,10
146,Chantal Caherny,11/20/2012,2022-11-18,11,4,39
147,Sasha McMenamin,4/23/2012,2022-04-22,4,4,56
148,Ivar Verbeek,12/26/2011,2022-12-26,12,0,20
149,Jamaal Challicombe,4/2/2013,2022-04-01,4,4,56
150,Cello Milnes,3/8/2013,2022-03-08,3,1,13
151,Leese Leinster,11/5/2012,2022-11-04,11,4,39
152,Aleece Bernardet,1/9/2015,2022-01-07,1,4,30
153,Archibaldo Penwell,7/15/2012,2022-07-15,7,4,49
154,Berkly Dodding,10/14/2014,2022-10-14,10,4,27
155,Ynez Stive,5/18/2015,2022-05-18,5,2,8
156,Francene Ebbin,9/16/2012,2022-09-16,9,4,41
157,Ilise Bowring,11/12/2011,2022-11-11,11,4,39
158,Clo Knoton,4/25/2014,2022-04-25,4,0,10
159,Guthrie Valti,5/6/2014,2022-05-06,5,4,30
160,Stacey Whartonby,2/5/2013,2022-02-04,2,4,31
161,Ernesta Siggers,7/4/2015,2022-07-04,7,0,11
162,Denice Espinet,5/5/2013,2022-05-05,5,3,12
163,Antin Luesley,4/17/2012,2022-04-15,4,4,56
164,Alon Brash,9/23/2011,2022-09-23,9,4,41
165,Harlen Penke,8/4/2014,2022-08-04,8,3,10
166,Pyotr Anten,1/6/2012,2022-01-06,1,3,6
167,Sean Skelton,10/3/2011,2022-10-03,10,0,14
168,Cary Johanssen,7/19/2013,2022-07-19,7,1,12
169,Yuri Keywood,11/10/2013,2022-11-10,11,3,13
170,Ronnie Narducci,2/1/2015,2022-02-01,2,1,13
171,Chucho Longmore,4/15/2013,2022-04-15,4,4,56
172,Caleb Kupka,3/15/2014,2022-03-15,3,1,13
173,Robbin Harmant,1/10/2015,2022-01-10,1,0,14
174,Gaylor Shotboult,2/3/2014,2022-02-03,2,3,12
175,Lamont Tolefree,8/17/2012,2022-08-17,8,2,10
176,Wood Upjohn,6/7/2012,2022-06-07,6,1,11
177,Brady Seeds,8/15/2012,2022-08-15,8,0,12
178,Selma Litherborough,3/20/2014,2022-03-18,3,4,31
179,Carly Peasee,7/5/2014,2022-07-05,7,1,12
180,Rose Artinstall,5/29/2014,2022-05-27,5,4,30
181,Hi Oleksiak,6/6/2013,2022-06-06,6,0,9
182,Berti Smardon,3/26/2014,2022-03-25,3,4,31
183,Lorraine Halbard,7/20/2013,2022-07-20,7,2,19
184,Aldis Sherewood,8/21/2013,2022-08-19,8,4,24
185,Rabbi McGourty,6/16/2013,2022-06-16,6,3,12
186,Julietta Layson,5/20/2014,2022-05-20,5,4,30
187,Graehme Ditch,4/7/2015,2022-04-07,4,3,11
188,Benetta Zanussii,7/30/2012,2022-07-29,7,4,49
189,Pandora Seelbach,5/20/2014,2022-05-20,5,4,30
190,Hatty Crotty,9/22/2013,2022-09-22,9,3,14
191,Tessa Pogue,6/23/2015,2022-06-23,6,3,12
192,Grantley Doogan,7/2/2014,2022-07-01,7,4,49
193,Sunny Lanning,12/28/2014,2022-12-28,12,2,9
194,L;urette Applegarth,9/10/2012,2022-09-09,9,4,41
195,Wendy Oscroft,1/3/2015,2022-01-03,1,0,14
196,Ev Baldack,4/23/2015,2022-04-22,4,4,56
197,Jania Pesek,4/8/2012,2022-04-08,4,4,56
198,Kelley Shenton,12/31/2012,2022-12-30,12,4,48
199,Doralynne Sekulla,3/14/2015,2022-03-14,3,0,8
200,Price Harrald,3/30/2013,2022-03-30,3,2,6
201,Allen Welburn,11/5/2014,2022-11-04,11,4,39
202,Merwin Doag,4/29/2015,2022-04-29,4,4,56
203,Jeannette Symonds,10/23/2012,2022-10-21,10,4,27
204,Valaree Heckner,4/30/2012,2022-04-29,4,4,56
205,Gussie Palmar,5/21/2014,2022-05-20,5,4,30
206,Yehudi Beggan,10/19/2013,2022-10-19,10,2,13
207,Drusilla Tuson,10/14/2014,2022-10-14,10,4,27
208,Alanah Dowtry,8/25/2014,2022-08-25,8,3,10
209,Kathlin Cobleigh,2/26/2015,2022-02-25,2,4,31
210,Layne Curston,12/29/2013,2022-12-29,12,3,20
211,Idell Shropshire,5/2/2015,2022-05-02,5,0,7
212,Kimbra Whelan,10/25/2013,2022-10-25,10,1,9
213,Nadean Godsell,2/27/2013,2022-02-25,2,4,31
214,Katinka Liger,1/25/2013,2022-01-25,1,1,12
215,Fallon Kettles,6/24/2013,2022-06-24,6,4,30
216,Tally Powland,7/2/2015,2022-07-01,7,4,49
217,Nolan Jerosch,10/31/2014,2022-10-31,10,0,14
218,Viva Yukhnini,12/4/2011,2022-12-02,12,4,48
219,Nevile Jurewicz,3/25/2014,2022-03-25,3,4,31
220,Brand Kaes,3/24/2014,2022-03-24,3,3,19
221,Celine De la Yglesia,1/13/2012,2022-01-13,1,3,6
222,Adrian Snary,7/22/2013,2022-07-22,7,4,49
223,Anny Casterot,1/26/2015,2022-01-26,1,2,14
224,Jacques Cosins,2/1/2012,2022-02-01,2,1,13
225,Lauretta Greenhalf,9/8/2013,2022-09-08,9,3,14
226,Ettie Condie,10/23/2012,2022-10-21,10,4,27
227,Tailor Fellows,7/26/2012,2022-07-26,7,1,12
228,Iago Szimon,8/31/2014,2022-08-31,8,2,10
229,Howard Kittow,4/9/2014,2022-04-08,4,4,56
230,Smith Okenden,12/31/2012,2022-12-30,12,4,48
231,West Kibby,11/20/2013,2022-11-18,11,4,39
232,Perren Randalston,9/3/2013,2022-09-02,9,4,41
233,Garnette Chiese,3/28/2014,2022-03-28,3,0,8
234,Mace Huntingdon,5/17/2012,2022-05-17,5,1,15
235,Konstantine Parysowna,6/1/2015,2022-06-01,6,2,15
236,Cristina Oseman,3/28/2012,2022-03-28,3,0,8
237,Finley McClements,8/18/2013,2022-08-18,8,3,10
238,Vic Barends,9/24/2014,2022-09-23,9,4,41
239,Bartholomew Coyle,10/14/2011,2022-10-14,10,4,27
240,Krystal Dunlea,5/29/2012,2022-05-27,5,4,30
241,Mireielle Lundy,7/19/2014,2022-07-19,7,1,12
242,Sharla Almond,11/16/2011,2022-11-16,11,2,17
243,Sibeal Templeton,7/22/2012,2022-07-22,7,4,49
244,Pearce Clayworth,3/19/2012,2022-03-18,3,4,31
245,Sheelah Greder,11/29/2012,2022-11-29,11,1,12
246,Joly Wybrow,1/8/2015,2022-01-07,1,4,30
247,Bondon Antonazzi,2/9/2012,2022-02-09,2,2,8
248,Gwen Biglin,1/18/2012,2022-01-18,1,1,12
249,Kip Blowen,7/19/2015,2022-07-19,7,1,12
250,Moises Orrocks,11/30/2012,2022-11-30,11,2,17
251,Norbie Shoveller,12/18/2012,2022-12-16,12,4,48
252,Matty Piperley,6/14/2014,2022-06-14,6,1,11
253,Wileen Scamadine,2/15/2015,2022-02-15,2,1,13
254,Armstrong Batiste,4/15/2012,2022-04-15,4,4,56
255,Daisey Blanning,11/27/2012,2022-11-25,11,4,39
256,Jammal Ouchterlony,2/24/2015,2022-02-24,2,3,12
257,Cynthea Whittier,11/4/2014,2022-11-04,11,4,39
258,Templeton Reynard,12/19/2014,2022-12-19,12,0,20
259,Baron Sarre,12/30/2014,2022-12-30,12,4,48
260,Rex Adds,12/26/2014,2022-12-26,12,0,20
261,Oberon Pollie,9/22/2011,2022-09-22,9,3,14
262,Dorita Messitt,3/17/2015,2022-03-17,3,3,19
263,Floria Kitlee,7/6/2012,2022-07-06,7,2,19
264,James Bartles,1/12/2012,2022-01-12,1,2,14
265,Jay Yashaev,1/31/2013,2022-01-31,1,0,14
266,Leshia Sanderson,9/27/2013,2022-09-27,9,1,12
267,Tiffy Glanz,6/15/2015,2022-06-15,6,2,15
268,Kizzie Dod,10/5/2014,2022-10-05,10,2,13
269,Madlen Lethardy,3/18/2014,2022-03-18,3,4,31
270,Estella Brende,2/16/2014,2022-02-16,2,2,8
271,Grover Barstock,8/15/2013,2022-08-15,8,0,12
272,Amalee Marquiss,12/15/2011,2022-12-15,12,3,20
273,Megan Blyth,4/22/2012,2022-04-22,4,4,56
274,Willette Fibbit,12/2/2013,2022-12-02,12,4,48
275,Calida Dymond,8/11/2015,2022-08-11,8,3,10
276,Aharon Ricardin,3/2/2013,2022-03-02,3,2,6
277,Maurits Petyanin,12/25/2013,2022-12-23,12,4,48
278,Ermanno Polglaze,8/24/2013,2022-08-24,8,2,10
279,Ancell Borrel,4/24/2012,2022-04-22,4,4,56
280,Keven Latchford,9/5/2013,2022-09-05,9,0,7
281,Rona Hammill,10/25/2011,2022-10-25,10,1,9
282,Evita Sirett,3/13/2014,2022-03-11,3,4,31
283,Lorry Sarle,5/29/2015,2022-05-27,5,4,30
284,Kate Fannon,2/27/2014,2022-02-25,2,4,31
285,Paulina Vale,11/23/2014,2022-11-23,11,2,17
286,Earl Kelleway,11/6/2013,2022-11-04,11,4,39
287,Culver Daburn,5/11/2014,2022-05-11,5,2,8
288,Antonie Worcester,2/15/2015,2022-02-15,2,1,13
289,Magda Cullrford,2/4/2012,2022-02-04,2,4,31
290,Jeremiah Diack,4/27/2012,2022-04-27,4,2,12
291,Lynett Dibdin,6/8/2012,2022-06-08,6,2,15
292,Trace Neenan,9/20/2011,2022-09-20,9,1,12
293,Miran Gowans,1/8/2015,2022-01-07,1,4,30
294,Orsa Orrey,7/30/2015,2022-07-29,7,4,49
295,Gillie Bermingham,6/23/2014,2022-06-23,6,3,12
296,Mikaela Madgwick,12/5/2012,2022-12-05,12,0,20
297,Maximo Greenin,4/7/2013,2022-04-07,4,3,11
298,Daron Fellis,5/11/2013,2022-05-11,5,2,8
299,Dorothea Haselwood,4/23/2014,2022-04-22,4,4,56
300,Pernell Howgego,11/25/2013,2022-11-25,11,4,39
301,Jaimie Bebbell,3/22/2013,2022-03-22,3,1,13
302,Rici Dohms,4/9/2013,2022-04-08,4,4,56
303,Oralla Braffington,9/1/2011,2022-09-01,9,3,14
304,Elisa Whiteley,9/5/2014,2022-09-05,9,0,7
305,Emalia Kynson,5/15/2015,2022-05-13,5,4,30
306,Kakalina Standbrook,7/23/2012,2022-07-22,7,4,49
307,Billy Dionis,12/12/2013,2022-12-12,12,0,20
308,Kit Fishbourn,4/1/2014,2022-04-01,4,4,56
309,Sayer Romain,4/11/2014,2022-04-11,4,0,10
310,Welby Dymott,4/15/2012,2022-04-15,4,4,56
311,Darci Brozsset,12/31/2012,2022-12-30,12,4,48
312,Emelyne Pierro,8/14/2012,2022-08-12,8,4,24
313,Afton Ninotti,12/16/2013,2022-12-16,12,4,48
314,Sofie Duinbleton,8/28/2015,2022-08-26,8,4,24
315,Franciskus Brittles,1/25/2013,2022-01-25,1,1,12
316,Darline Glandon,9/11/2013,2022-09-09,9,4,41
317,Adara Beringer,9/1/2011,2022-09-01,9,3,14
318,Maddie Kennard,4/15/2015,2022-04-15,4,4,56
319,Bobbe Rangall,1/22/2015,2022-01-21,1,4,30
320,Osgood Darnborough,7/20/2013,2022-07-20,7,2,19
321,Cory Shackle,7/31/2012,2022-07-29,7,4,49
322,Denna Bulluck,10/20/2011,2022-10-20,10,3,14
323,Jocelin Slora,9/11/2012,2022-09-09,9,4,41
324,Woodman Cockman,12/9/2012,2022-12-09,12,4,48
325,Wain Jime,12/20/2011,2022-12-20,12,1,8
326,Twila Bradmore,10/1/2014,2022-09-30,9,4,41
327,Marcus Lemery,11/26/2012,2022-11-25,11,4,39
328,Alia Whayman,7/6/2015,2022-07-06,7,2,19
329,Maximilien Shipcott,10/20/2014,2022-10-20,10,3,14
330,Robina Exroll,6/1/2015,2022-06-01,6,2,15
331,Walt De Ferraris,3/31/2012,2022-03-31,3,3,19
332,Alf Stiff,10/4/2014,2022-10-04,10,1,9
333,Vernon Yateman,2/12/2012,2022-02-11,2,4,31
334,Von Kearton,6/23/2015,2022-06-23,6,3,12
335,Dacie Hunnam,5/16/2014,2022-05-16,5,0,7
336,Silvie Lepere,2/24/2012,2022-02-24,2,3,12
337,Thorpe Trudgion,7/8/2015,2022-07-08,7,4,49
338,Lucais Hyrons,11/11/2013,2022-11-11,11,4,39
339,Matthieu Hoyer,9/4/2012,2022-09-02,9,4,41
340,Reine Djorvic,12/8/2013,2022-12-08,12,3,20
341,Saree Farquhar,3/28/2013,2022-03-28,3,0,8
342,Sallyann Tawse,7/10/2014,2022-07-08,7,4,49
343,Victor Stonham,1/25/2013,2022-01-25,1,1,12
344,Corella Thumnel,5/14/2015,2022-05-13,5,4,30
345,Andy Philipard,6/12/2015,2022-06-10,6,4,30
346,Idette Bande,5/4/2014,2022-05-04,5,2,8
347,Allyn Wheldon,12/21/2014,2022-12-21,12,2,9
348,Leslie Rontree,7/17/2013,2022-07-15,7,4,49
349,Bibbie Bortolomei,11/14/2012,2022-11-14,11,0,11
350,Bartolemo Cleave,2/12/2013,2022-02-11,2,4,31
351,Korry Leirmonth,2/10/2012,2022-02-10,2,3,12
352,Aridatha Bonicelli,11/3/2011,2022-11-03,11,3,13
353,Twila Grinley,12/3/2013,2022-12-02,12,4,48
354,Lettie Pennyman,7/19/2012,2022-07-19,7,1,12
355,Blake MacIlhargy,8/21/2014,2022-08-19,8,4,24
356,Daniele McCloy,7/11/2013,2022-07-11,7,0,11
357,Felizio Weinmann,11/29/2011,2022-11-29,11,1,12
358,Ilsa Tettley,9/11/2013,2022-09-09,9,4,41
359,Ardyce Meriton,7/23/2012,2022-07-22,7,4,49
360,Shandee Scard,11/21/2014,2022-11-21,11,0,11
361,Cristionna Hegden,7/3/2015,2022-07-01,7,4,49
362,Mignonne Dumsday,5/29/2015,2022-05-27,5,4,30
363,Raynell Behneke,12/24/2014,2022-12-23,12,4,48
364,Adina Gawthorpe,2/15/2013,2022-02-15,2,1,13
365,Sheff De Andreis,10/12/2013,2022-10-12,10,2,13
366,Mab Canepe,12/11/2011,2022-12-09,12,4,48
367,Dynah Petrillo,8/16/2013,2022-08-16,8,1,15
368,Leroi Crumpe,5/6/2012,2022-05-06,5,4,30
369,Lynnett Gierardi,12/13/2013,2022-12-13,12,1,8
370,Winny Scoggans,3/29/2012,2022-03-29,3,1,13
371,Shirlene Palluschek,6/10/2012,2022-06-10,6,4,30
372,Zarah Symington,1/1/2012,2021-12-31,12,4,48
373,Bernete Westoff,10/2/2014,2022-09-30,9,4,41
374,Marlowe Daniell,3/3/2014,2022-03-03,3,3,19
375,Berkly Stanett,3/27/2015,2022-03-25,3,4,31
376,Dominga Peat,2/15/2014,2022-02-15,2,1,13
377,Karlotte Vaudre,10/3/2011,2022-10-03,10,0,14
378,Carmelina Ashbridge,9/8/2012,2022-09-08,9,3,14
379,Ricardo Barmby,11/20/2014,2022-11-18,11,4,39
380,Alyson Lindsell,7/6/2012,2022-07-06,7,2,19
381,Valentine McPherson,3/4/2012,2022-03-04,3,4,31
382,Analiese Bliven,11/7/2013,2022-11-07,11,0,11
383,Nathanial Matczak,8/27/2013,2022-08-26,8,4,24
384,Lanny Alyukin,11/10/2012,2022-11-10,11,3,13
385,Emmott Barnaby,11/5/2014,2022-11-04,11,4,39
386,Trudey Skarman,6/5/2014,2022-06-03,6,4,30
387,Daloris Skillicorn,12/9/2013,2022-12-09,12,4,48
388,Ranna Eagland,8/29/2013,2022-08-29,8,0,12
389,Amitie McGairl,2/12/2015,2022-02-11,2,4,31
390,Karissa Dickon,12/3/2012,2022-12-02,12,4,48
391,Laural Hexum,9/6/2012,2022-09-06,9,1,12
392,Quinlan Franckton,12/26/2014,2022-12-26,12,0,20
393,Anissa Semerad,1/10/2013,2022-01-10,1,0,14
394,Aland Ashlee,7/13/2012,2022-07-13,7,2,19
395,Chickie Asch,12/12/2012,2022-12-12,12,0,20
396,Linda Haberjam,10/6/2011,2022-10-06,10,3,14
397,Ad Falco,7/17/2013,2022-07-15,7,4,49
398,Care Reihill,5/3/2013,2022-05-03,5,1,15
399,Odelia Bayston,12/19/2011,2022-12-19,12,0,20
400,Tedi Nekrews,3/3/2013,2022-03-03,3,3,19
401,Adore Rowan,4/30/2012,2022-04-29,4,4,56
402,Thorn Blencowe,2/19/2014,2022-02-18,2,4,31
403,Prudy Duetsche,8/1/2015,2022-08-01,8,0,12
404,Ariana Shearmer,4/20/2015,2022-04-20,4,2,12
405,Karoline Gash,6/6/2012,2022-06-06,6,0,9
406,Liam Sings,12/15/2012,2022-12-15,12,3,20
407,Denise Huckleby,10/1/2012,2022-09-30,9,4,41
408,Truda Welband,1/4/2014,2022-01-04,1,1,12
409,Kelcey Dragonette,6/23/2012,2022-06-23,6,3,12
410,Bridgette Hachard,5/21/2012,2022-05-20,5,4,30
411,Joy Brobeck,3/10/2013,2022-03-10,3,3,19
412,Kimbra Yuille,3/13/2013,2022-03-11,3,4,31
413,Harold Dunckley,1/17/2014,2022-01-17,1,0,14
414,Tabbie Edgar,10/2/2011,2022-09-30,9,4,41
415,Nataniel Capinetti,8/23/2012,2022-08-23,8,1,15
416,Aldus Lindro,10/21/2011,2022-10-21,10,4,27
417,Shaylah Bottle,7/6/2014,2022-07-06,7,2,19
418,Pammie Maxweell,11/11/2013,2022-11-11,11,4,39
419,Ericka Ebourne,2/28/2012,2022-02-28,2,0,12
420,Trstram Macci,4/16/2013,2022-04-15,4,4,56
421,Malory Jonk,4/10/2012,2022-04-08,4,4,56
422,Jammal Reubens,5/28/2012,2022-05-27,5,4,30
423,Ramsay Wither,6/14/2012,2022-06-14,6,1,11
424,Yoshiko Dies,3/11/2013,2022-03-11,3,4,31
425,Nicky Rawes,2/13/2012,2022-02-11,2,4,31
426,Bourke Upson,10/10/2011,2022-10-10,10,0,14
427,Bernetta Barkaway,1/23/2013,2022-01-21,1,4,30
428,Cynthie Marthen,8/26/2014,2022-08-26,8,4,24
429,Patricio Meakin,11/17/2012,2022-11-17,11,3,13
430,Ivonne World,10/6/2011,2022-10-06,10,3,14
431,Joey McJury,3/24/2012,2022-03-24,3,3,19
432,Tammie Alabone,12/8/2013,2022-12-08,12,3,20
433,Emmie Laba,4/7/2013,2022-04-07,4,3,11
434,Blinny Upwood,3/15/2013,2022-03-15,3,1,13
435,Carmine Budd,5/3/2012,2022-05-03,5,1,15
436,Walker Capron,8/30/2015,2022-08-30,8,1,15
437,Hollyanne Tomaszewicz,5/3/2014,2022-05-03,5,1,15
438,Johna Kordova,11/29/2012,2022-11-29,11,1,12
439,Brit Craze,12/29/2012,2022-12-29,12,3,20
440,Babs Swaysland,4/21/2013,2022-04-21,4,3,11
441,Ronica Proppers,3/7/2015,2022-03-07,3,0,8
442,Sasha Corsor,8/9/2013,2022-08-09,8,1,15
443,Grethel Husset,8/7/2015,2022-08-05,8,4,24
444,Lotta Ucceli,6/17/2015,2022-06-17,6,4,30
445,Gerrie Bonehill,11/5/2012,2022-11-04,11,4,39
446,Buckie Ezzle,8/29/2015,2022-08-29,8,0,12
447,Kizzie Columbine,6/30/2012,2022-06-30,6,3,12
448,Bobbie Cobbing,9/28/2012,2022-09-28,9,2,7
449,Dasha Traite,4/8/2014,2022-04-08,4,4,56
450,Janetta Dressell,8/26/2015,2022-08-26,8,4,24
451,Randall Barnfield,2/5/2012,2022-02-04,2,4,31
452,Vonni Mullin,3/21/2013,2022-03-21,3,0,8
453,Reg Watting,2/19/2012,2022-02-18,2,4,31
454,Stanley Monks,1/15/2012,2022-01-14,1,4,30
455,Cori Oolahan,11/25/2012,2022-11-25,11,4,39
456,Killian Cater,1/23/2015,2022-01-21,1,4,30
457,Angil Grundy,12/24/2011,2022-12-23,12,4,48
458,Winston Coltan,7/29/2013,2022-07-29,7,4,49
459,Elianora Killshaw,4/7/2014,2022-04-07,4,3,11
460,Elsa Yakutin,7/3/2012,2022-07-01,7,4,49
461,Melodie Maine,10/15/2011,2022-10-14,10,4,27
462,Gena Hollyman,1/14/2013,2022-01-14,1,4,30
463,Vallie Beetles,5/21/2015,2022-05-20,5,4,30
464,Jada Lindenman,9/4/2014,2022-09-02,9,4,41
465,Consolata Augur,9/9/2013,2022-09-09,9,4,41
466,Gail Farnish,11/6/2012,2022-11-04,11,4,39
467,Jdavie Chard,7/20/2013,2022-07-20,7,2,19
468,Hartwell Drakeley,1/21/2014,2022-01-21,1,4,30
469,Tanitansy Lowther,12/4/2012,2022-12-02,12,4,48
470,Cherie Himsworth,12/2/2011,2022-12-02,12,4,48
471,Pail Weadick,4/21/2015,2022-04-21,4,3,11
472,Ivy Bridgen,3/6/2012,2022-03-04,3,4,31
473,Porty Lowdiane,1/31/2015,2022-01-31,1,0,14
474,Emylee Shawel,5/2/2014,2022-05-02,5,0,7
475,Hayward MacKellen,4/29/2014,2022-04-29,4,4,56
476,Charita Mabee,8/27/2013,2022-08-26,8,4,24
477,Lelah Huyghe,10/16/2011,2022-10-14,10,4,27
478,Audre Balsdon,10/16/2012,2022-10-14,10,4,27
479,Melesa Carillo,7/23/2013,2022-07-22,7,4,49
480,Penny Nertney,4/24/2012,2022-04-22,4,4,56
481,Devan Soppett,7/16/2015,2022-07-15,7,4,49
482,Philippe Plume,8/16/2013,2022-08-16,8,1,15
483,Hunt Zamboniari,12/1/2013,2022-12-01,12,3,20
484,Ralina O'Lunny,5/29/2014,2022-05-27,5,4,30
485,Marianne Doig,11/8/2011,2022-11-08,11,1,12
486,Hildegaard Loveredge,2/3/2012,2022-02-03,2,3,12
487,Renee Ingray,7/26/2012,2022-07-26,7,1,12
488,Stevana Baddiley,2/16/2015,2022-02-16,2,2,8
489,Rafaelita Punshon,11/9/2011,2022-11-09,11,2,17
490,Dacie Harnetty,3/24/2012,2022-03-24,3,3,19
491,Davidde Linch,1/22/2015,2022-01-21,1,4,30
492,Helsa Parham,5/4/2014,2022-05-04,5,2,8
493,Gustave Pickervance,11/3/2012,2022-11-03,11,3,13
494,Stearn Quilleash,9/18/2011,2022-09-16,9,4,41
495,Bernhard Pakes,4/9/2013,2022-04-08,4,4,56
496,Zebadiah Nudde,11/9/2011,2022-11-09,11,2,17
497,Edgardo Bickell,3/31/2014,2022-03-31,3,3,19
498,Alane Biddiss,7/29/2012,2022-07-29,7,4,49
499,Marylynne Hinckesman,10/10/2014,2022-10-10,10,0,14
500,Leslie Hann,5/24/2013,2022-05-24,5,1,15
501,Johna Degue,2/17/2012,2022-02-17,2,3,12
502,Leupold Paladino,4/30/2014,2022-04-29,4,4,56
503,Adham Purrier,5/17/2012,2022-05-17,5,1,15
504,Adlai Trippitt,8/22/2013,2022-08-22,8,0,12
505,Anthony Paolazzi,12/17/2013,2022-12-16,12,4,48
506,Muhammad Daysh,4/14/2015,2022-04-14,4,3,11
507,Reyna Dudson,4/27/2015,2022-04-27,4,2,12
508,Olivia Elsay,6/29/2014,2022-06-29,6,2,15
509,Rica Greensitt,8/21/2013,2022-08-19,8,4,24
510,Puff Wattam,6/29/2013,2022-06-29,6,2,15
511,Claudina Biasetti,2/20/2014,2022-02-18,2,4,31
512,Terrance Sibary,6/4/2015,2022-06-03,6,4,30
513,Celinka Skey,9/23/2014,2022-09-23,9,4,41
514,Dew Bartlett,11/23/2014,2022-11-23,11,2,17
515,Gaye Dallison,5/26/2015,2022-05-26,5,3,12
516,Terry Lillow,8/10/2013,2022-08-10,8,2,10
517,Shel Vice,1/23/2015,2022-01-21,1,4,30
518,Drucy Greet,10/18/2011,2022-10-18,10,1,9
519,Ingelbert Sessuns,7/14/2013,2022-07-14,7,3,12
520,Zak Lillee,8/26/2013,2022-08-26,8,4,24
521,Mirilla Davidow,11/21/2014,2022-11-21,11,0,11
522,Buiron Crauford,3/18/2012,2022-03-18,3,4,31
523,Gizela Oke,4/30/2015,2022-04-29,4,4,56
524,Candace Glowacz,1/3/2015,2022-01-03,1,0,14
525,Rockey Center,1/30/2014,2022-01-28,1,4,30
526,Lannie Bessey,2/6/2012,2022-02-04,2,4,31
527,Blanche Edling,11/2/2012,2022-11-02,11,2,17
528,Yevette Crimpe,4/15/2015,2022-04-15,4,4,56
529,Kimmy Brody,3/13/2012,2022-03-11,3,4,31
530,Burnaby Gosby,9/9/2013,2022-09-09,9,4,41
531,Bearnard Swainston,1/11/2013,2022-01-11,1,1,12
532,Chrissie Torrans,8/2/2014,2022-08-02,8,1,15
533,Marc Bailey,9/28/2014,2022-09-28,9,2,7
534,Merl Pudner,10/3/2014,2022-10-03,10,0,14
535,Ivar Noddings,5/5/2013,2022-05-05,5,3,12
536,Maryjo Dewicke,2/9/2012,2022-02-09,2,2,8
537,Kippar Lambrecht,6/24/2012,2022-06-24,6,4,30
538,Donielle Selwyne,3/3/2015,2022-03-03,3,3,19
539,Kerstin Escreet,10/28/2013,2022-10-28,10,4,27
540,Theresina Woolnough,9/19/2014,2022-09-19,9,0,7
541,Marie Antuk,8/11/2015,2022-08-11,8,3,10
542,Dolorita Borrows,11/20/2011,2022-11-18,11,4,39
543,Cass Seivertsen,3/1/2015,2022-03-01,3,1,13
544,Trumaine Goncalo,1/9/2012,2022-01-07,1,4,30
545,Frank Mersh,9/4/2014,2022-09-02,9,4,41
546,Magdalene Treend,10/20/2011,2022-10-20,10,3,14
547,Blanca Arnaez,4/27/2015,2022-04-27,4,2,12
548,Shirline Saben,2/7/2012,2022-02-07,2,0,12
549,Grace Fernie,6/20/2014,2022-06-20,6,0,9
550,Theda Ryam,6/15/2013,2022-06-15,6,2,15
551,Ginny Sebyer,12/22/2014,2022-12-22,12,3,20
552,Jesse Worsall,4/24/2015,2022-04-22,4,4,56
553,Sammy Ferrarotti,7/23/2013,2022-07-22,7,4,49
554,Alta Ianittello,1/3/2013,2022-01-03,1,0,14
555,Joye Sleit,7/29/2013,2022-07-29,7,4,49
556,Hanny Cullity,7/1/2015,2022-07-01,7,4,49
557,Fair Brandi,6/14/2012,2022-06-14,6,1,11
558,Derry Crowest,8/2/2015,2022-08-02,8,1,15
559,Sasha Tukesby,5/19/2013,2022-05-19,5,3,12
560,Jeffry De Blasio,6/9/2012,2022-06-09,6,3,12
561,Mildrid Blurton,7/4/2013,2022-07-04,7,0,11
562,Benedetto Staker,9/11/2012,2022-09-09,9,4,41
563,Yalonda Cranch,4/8/2015,2022-04-08,4,4,56
564,Andeee Dorrity,7/25/2015,2022-07-25,7,0,11
565,Aron Cosslett,7/16/2013,2022-07-15,7,4,49
566,Agretha Ivanchikov,9/23/2011,2022-09-23,9,4,41
567,Desirae Tondeur,7/15/2014,2022-07-15,7,4,49
568,De witt Moorton,6/6/2014,2022-06-06,6,0,9
569,Etti Ehlerding,11/23/2012,2022-11-23,11,2,17
570,Stavros Rhead,11/20/2014,2022-11-18,11,4,39
571,Ansley Took,8/17/2015,2022-08-17,8,2,10
572,Langston Janjic,1/6/2014,2022-01-06,1,3,6
573,Yasmin Jinkins,9/4/2011,2022-09-02,9,4,41
574,Corry Lassells,11/24/2011,2022-11-24,11,3,13
575,Kareem Shieldon,4/11/2012,2022-04-11,4,0,10
576,Blair Troyes,12/19/2013,2022-12-19,12,0,20
577,Ivy Briscam,1/7/2014,2022-01-07,1,4,30
578,Billie Keyte,4/10/2013,2022-04-08,4,4,56
579,Rhodie Lissimore,1/9/2012,2022-01-07,1,4,30
580,Jeannie Clausen-Thue,12/17/2012,2022-12-16,12,4,48
581,Lonnard Stivey,5/2/2014,2022-05-02,5,0,7
582,Jany Batcock,9/13/2012,2022-09-13,9,1,12
583,Demetris Aslett,7/23/2013,2022-07-22,7,4,49
584,Tammy Elcombe,7/13/2013,2022-07-13,7,2,19
585,Eddy O'Gaven,8/26/2013,2022-08-26,8,4,24
586,Stacee Martine,9/6/2013,2022-09-06,9,1,12
587,Vivyanne Aughtie,6/23/2013,2022-06-23,6,3,12
588,Flinn Tollfree,3/12/2013,2022-03-11,3,4,31
589,Indira Verna,6/24/2012,2022-06-24,6,4,30
590,Maximilianus Hannam,12/11/2012,2022-12-09,12,4,48
591,Galvan Pioch,12/4/2013,2022-12-02,12,4,48
592,Margi Sentance,4/26/2015,2022-04-26,4,1,4
593,Ches Thornebarrow,1/14/2014,2022-01-14,1,4,30
594,Evelin Myott,8/2/2015,2022-08-02,8,1,15
595,Emmalyn Piegrome,12/18/2014,2022-12-16,12,4,48
596,Lindy Wallman,11/27/2012,2022-11-25,11,4,39
597,Kori Feavers,12/7/2011,2022-12-07,12,2,9
598,Gussy Dowdell,7/8/2014,2022-07-08,7,4,49
599,Merci Tutsell,12/1/2014,2022-12-01,12,3,20
600,Kameko Sherer,8/4/2012,2022-08-04,8,3,10
601,Amye Barwis,6/5/2012,2022-06-03,6,4,30
602,Louisa McRamsey,8/23/2015,2022-08-23,8,1,15
603,Aveline Peggram,1/18/2015,2022-01-18,1,1,12
604,Valerie MacDonagh,7/4/2014,2022-07-04,7,0,11
605,Ileana Paolicchi,6/3/2012,2022-06-03,6,4,30
606,Warden McDonnell,12/23/2013,2022-12-23,12,4,48
607,Cristi Hargrove,8/16/2012,2022-08-16,8,1,15
608,Warde Fullwood,10/19/2011,2022-10-19,10,2,13
609,Tristan Parman,12/18/2012,2022-12-16,12,4,48
610,Patience Turfin,3/23/2012,2022-03-23,3,2,6
611,Melva Bradburn,7/1/2014,2022-07-01,7,4,49
612,Robinett Kingaby,2/27/2015,2022-02-25,2,4,31
613,Jennee Portch,4/1/2012,2022-04-01,4,4,56
614,Tomi Murrison,5/11/2015,2022-05-11,5,2,8
615,Freddi Phillps,11/10/2011,2022-11-10,11,3,13
616,Hagan Rawne,10/4/2014,2022-10-04,10,1,9
617,Frieda Peart,3/2/2012,2022-03-02,3,2,6
618,Lucien Crean,12/8/2013,2022-12-08,12,3,20
619,Gilemette Vezey,3/12/2013,2022-03-11,3,4,31
620,Janith Amburgy,4/17/2013,2022-04-15,4,4,56
621,Cross Oleksinski,1/14/2015,2022-01-14,1,4,30
622,Krystle Davage,7/27/2012,2022-07-27,7,2,19
623,Doria Oulet,7/28/2014,2022-07-28,7,3,12
624,Normie Cleave,3/20/2015,2022-03-18,3,4,31
625,Waly Tomet,2/9/2014,2022-02-09,2,2,8
626,Wadsworth Gores,12/20/2011,2022-12-20,12,1,8
627,Kyrstin Liebermann,12/8/2011,2022-12-08,12,3,20
628,Deni Baudin,11/3/2011,2022-11-03,11,3,13
629,Ceciley Kubicki,7/28/2015,2022-07-28,7,3,12
630,Jordanna Siley,4/22/2013,2022-04-22,4,4,56
631,Bobbette Whiteley,2/7/2013,2022-02-07,2,0,12
632,Peyton Addekin,5/11/2013,2022-05-11,5,2,8
633,Lief Barajaz,2/19/2012,2022-02-18,2,4,31
634,Esmaria Tawn,7/20/2013,2022-07-20,7,2,19
635,Suzanne Guiso,6/4/2013,2022-06-03,6,4,30
636,Korella Lavelle,5/12/2013,2022-05-12,5,3,12
637,Harold Heminsley,10/16/2012,2022-10-14,10,4,27
638,Minnaminnie Vaneev,5/26/2014,2022-05-26,5,3,12
639,Amitie Elvy,10/6/2013,2022-10-06,10,3,14
640,Markus Madill,8/21/2014,2022-08-19,8,4,24
641,Carmon Phear,1/9/2013,2022-01-07,1,4,30
642,Freddie Eldered,6/25/2015,2022-06-24,6,4,30
643,Vallie Payton,10/8/2012,2022-10-07,10,4,27
644,Rafaello Shelp,12/25/2014,2022-12-23,12,4,48
645,Elana Dupree,4/9/2012,2022-04-08,4,4,56
646,Davita Reder,7/21/2013,2022-07-21,7,3,12
647,Zedekiah Anstie,9/8/2011,2022-09-08,9,3,14
648,Cassie Margaritelli,9/20/2011,2022-09-20,9,1,12
649,Sinclair Blacklock,5/5/2015,2022-05-05,5,3,12
650,Farrell Nise,1/8/2013,2022-01-07,1,4,30
651,Georgena Richings,5/22/2015,2022-05-20,5,4,30
652,Kahlil Buie,9/28/2012,2022-09-28,9,2,7
653,Drusi Beckenham,4/14/2012,2022-04-14,4,3,11
654,Bogey Andresen,1/23/2012,2022-01-21,1,4,30
655,Jobi Dreossi,4/15/2015,2022-04-15,4,4,56
656,Isacco Holston,6/28/2012,2022-06-28,6,1,11
657,Andris Somerbell,3/27/2015,2022-03-25,3,4,31
658,Casey Kelshaw,2/24/2015,2022-02-24,2,3,12
659,Dru Lorryman,8/15/2012,2022-08-15,8,0,12
660,Gothart Duigan,2/19/2014,2022-02-18,2,4,31
661,Jarred Aggas,1/14/2014,2022-01-14,1,4,30
662,Emili Matyja,1/5/2013,2022-01-05,1,2,14
663,Sherilyn Jilkes,3/22/2012,2022-03-22,3,1,13
664,Jacklin Scoyne,1/29/2015,2022-01-28,1,4,30
665,Kip Bannell,10/18/2012,2022-10-18,10,1,9
666,Miles Pavitt,7/27/2015,2022-07-27,7,2,19
667,Hedvig Abbot,3/20/2014,2022-03-18,3,4,31
668,Melisa Fibbens,3/31/2015,2022-03-31,3,3,19
669,Jecho Ebbrell,11/2/2014,2022-11-02,11,2,17
670,Barris Traves,11/18/2013,2022-11-18,11,4,39
671,Norrie Kencott,7/25/2012,2022-07-25,7,0,11
672,Randell Gummow,8/1/2013,2022-08-01,8,0,12
673,Robby Scrivener,11/19/2014,2022-11-18,11,4,39
674,Gonzales Blanchard,6/4/2013,2022-06-03,6,4,30
675,Marcela Gath,11/5/2011,2022-11-04,11,4,39
676,Meryl Laytham,11/22/2012,2022-11-22,11,1,12
677,Jacinda Gelderd,5/12/2015,2022-05-12,5,3,12
678,Ilyssa Fortie,5/21/2015,2022-05-20,5,4,30
679,Pascale Casini,5/14/2013,2022-05-13,5,4,30
680,Katlin Maulden,2/19/2013,2022-02-18,2,4,31
681,Perkin Caughey,10/16/2012,2022-10-14,10,4,27
682,Leopold Banton,7/21/2012,2022-07-21,7,3,12
683,Brittaney Cumberpatch,8/24/2013,2022-08-24,8,2,10
684,Glynda Lidierth,1/23/2015,2022-01-21,1,4,30
685,Lukas Gallon,12/12/2011,2022-12-12,12,0,20
686,Massimo Bedminster,4/13/2014,2022-04-13,4,2,12
687,Franciska Betonia,7/11/2012,2022-07-11,7,0,11
688,Kathrine Ducastel,5/10/2012,2022-05-10,5,1,15
689,Jaymee Mannakee,10/2/2012,2022-09-30,9,4,41
690,Cam Riccardini,2/1/2015,2022-02-01,2,1,13
691,Jamima Cossor,11/5/2013,2022-11-04,11,4,39
692,Red Braybrook,5/12/2012,2022-05-12,5,3,12
693,Agnese Wahlberg,7/18/2013,2022-07-18,7,0,11
694,Erasmus Simmers,12/29/2014,2022-12-29,12,3,20
695,Amye Berni,10/3/2014,2022-10-03,10,0,14
696,Korney Perring,9/23/2013,2022-09-23,9,4,41
697,Tiphany Yepiskov,6/27/2015,2022-06-27,6,0,9
698,Jeannette Kocher,7/7/2013,2022-07-07,7,3,12
699,Brig Tremontana,3/1/2014,2022-03-01,3,1,13
700,Hiram Birkenshaw,7/3/2013,2022-07-01,7,4,49
701,Louis Gabbatiss,2/22/2012,2022-02-22,2,1,13
702,Christoforo Gillon,2/14/2012,2022-02-14,2,0,12
703,Tatum Daughton,4/8/2015,2022-04-08,4,4,56
704,Amberly Wones,7/22/2013,2022-07-22,7,4,49
705,Suzanna Richardeau,5/7/2013,2022-05-06,5,4,30
706,Jamima Heed,9/10/2011,2022-09-09,9,4,41
707,Sandy Helks,4/2/2013,2022-04-01,4,4,56
708,Gabbi Dowdell,6/22/2013,2022-06-22,6,2,15
709,Faustine Trimmell,12/22/2013,2022-12-22,12,3,20
710,Keelia McBoyle,3/21/2015,2022-03-21,3,0,8
711,Wanids Jaffrey,7/12/2013,2022-07-12,7,1,12
712,Flint Donlon,3/10/2015,2022-03-10,3,3,19
713,Emile Sprules,2/18/2014,2022-02-18,2,4,31
714,Ferne Poure,5/21/2015,2022-05-20,5,4,30
715,Antoine Haycox,9/14/2014,2022-09-14,9,2,7
716,Henka Tartt,5/31/2014,2022-05-31,5,1,15
717,Glennis Eastlake,10/25/2012,2022-10-25,10,1,9
718,Norris Denness,7/13/2014,2022-07-13,7,2,19
719,Michele Keford,3/15/2015,2022-03-15,3,1,13
720,Chere Vinson,3/4/2013,2022-03-04,3,4,31
721,Natalie Swynfen,10/6/2013,2022-10-06,10,3,14
722,Zane Slaght,12/15/2011,2022-12-15,12,3,20
723,Penni Nobriga,5/27/2014,2022-05-27,5,4,30
724,Deb Martina,3/22/2013,2022-03-22,3,1,13
725,Alix McGonnell,10/20/2012,2022-10-20,10,3,14
726,Poppy Denniston,11/12/2012,2022-11-11,11,4,39
727,Dino Behr,12/20/2012,2022-12-20,12,1,8
728,Nikolai Paynton,4/6/2015,2022-04-06,4,2,12
729,Kalindi Abella,12/5/2011,2022-12-05,12,0,20
730,Lina Jedrzejczyk,9/13/2014,2022-09-13,9,1,12
731,Darrick Shellard,3/27/2013,2022-03-25,3,4,31
732,Eunice Brazur,1/16/2012,2022-01-14,1,4,30
733,Livvyy Vasquez,9/15/2011,2022-09-15,9,3,14
734,Hyacintha Figgen,6/2/2012,2022-06-02,6,3,12
735,Reggis Daniello,10/16/2014,2022-10-14,10,4,27
736,Braden Berrane,4/30/2015,2022-04-29,4,4,56
737,Gil Wyrall,12/13/2011,2022-12-13,12,1,8
738,Emylee Yurygyn,4/24/2014,2022-04-22,4,4,56
739,Rori Colvill,4/8/2014,2022-04-08,4,4,56
740,Margot Ibbitson,2/24/2015,2022-02-24,2,3,12
741,Brenden Greengrass,11/20/2012,2022-11-18,11,4,39
742,Pepi Marte,12/30/2013,2022-12-30,12,4,48
743,Lindi Veare,8/27/2014,2022-08-26,8,4,24
744,Randi Slucock,8/16/2015,2022-08-16,8,1,15
745,Tate Guitton,7/9/2014,2022-07-08,7,4,49
746,Farris Queree,11/11/2013,2022-11-11,11,4,39
747,Janina Goulstone,6/20/2012,2022-06-20,6,0,9
748,Samara McCuaig,9/6/2012,2022-09-06,9,1,12
749,Austin Sangwin,7/7/2014,2022-07-07,7,3,12
750,Jasmina Langforth,4/3/2012,2022-04-01,4,4,56
751,Marve Geaney,4/15/2014,2022-04-15,4,4,56
752,Alyda Drinkel,8/22/2012,2022-08-22,8,0,12
753,Karry McLean,10/5/2011,2022-10-05,10,2,13
754,Jorgan Beggan,2/28/2015,2022-02-28,2,0,12
755,Ned Mathouse,11/12/2013,2022-11-11,11,4,39
756,Harrietta Chumley,1/20/2012,2022-01-20,1,3,6
757,Florida Forestall,11/2/2012,2022-11-02,11,2,17
758,Dodie Potteril,10/5/2011,2022-10-05,10,2,13
759,Lacey Addeycott,8/28/2013,2022-08-26,8,4,24
760,Yoshiko Cona,12/23/2011,2022-12-23,12,4,48
761,Maggi Readwood,2/7/2014,2022-02-07,2,0,12
762,Davon Regglar,12/27/2012,2022-12-27,12,1,8
763,Laird Dainty,6/27/2015,2022-06-27,6,0,9
764,Melvin Halfhyde,5/12/2012,2022-05-12,5,3,12
765,Emlen Dumingo,11/19/2014,2022-11-18,11,4,39
766,Aliza Tarbett,4/6/2014,2022-04-06,4,2,12
767,Rosalynd Henrion,1/26/2013,2022-01-26,1,2,14
768,Agata Martyn,11/23/2013,2022-11-23,11,2,17
769,Basia Oswal,7/6/2015,2022-07-06,7,2,19
770,Trumaine Beggs,8/31/2012,2022-08-31,8,2,10
771,Loreen MacCauley,6/7/2015,2022-06-07,6,1,11
772,Lynea Zorzi,1/24/2013,2022-01-24,1,0,14
773,Hans Bolstridge,11/29/2012,2022-11-29,11,1,12
774,Irvine Roycroft,8/11/2013,2022-08-11,8,3,10
775,Thorstein Valente,3/11/2014,2022-03-11,3,4,31
776,Rosemonde Grovier,4/7/2015,2022-04-07,4,3,11
777,Pepe Elsey,12/4/2014,2022-12-02,12,4,48
778,Nick Jurzyk,12/26/2014,2022-12-26,12,0,20
779,Katharina Joscelyne,4/17/2014,2022-04-15,4,4,56
780,Skip Geipel,9/25/2014,2022-09-23,9,4,41
781,Parrnell Penrith,9/4/2011,2022-09-02,9,4,41
782,Reggis Ferandez,3/18/2014,2022-03-18,3,4,31
783,Valentine Bischof,6/28/2014,2022-06-28,6,1,11
784,Adah Townson,5/2/2013,2022-05-02,5,0,7
785,Andy Yosifov,6/15/2015,2022-06-15,6,2,15
786,Tracey Milham,1/2/2015,2021-12-31,12,4,48
787,Tammie Meynell,4/10/2014,2022-04-08,4,4,56
788,Haywood Tithecote,10/28/2013,2022-10-28,10,4,27
789,Caye Gove,8/13/2013,2022-08-12,8,4,24
790,Armstrong Nutman,1/5/2012,2022-01-05,1,2,14
791,Mariska Bront,9/20/2013,2022-09-20,9,1,12
792,Shina Ivanin,7/5/2013,2022-07-05,7,1,12
793,Vance Bissiker,6/26/2013,2022-06-24,6,4,30
794,Ebenezer Tussaine,2/28/2015,2022-02-28,2,0,12
795,Findley Enriques,1/17/2014,2022-01-17,1,0,14
796,Rosamond Belshaw,2/6/2014,2022-02-04,2,4,31
797,Barclay Fieldgate,4/30/2012,2022-04-29,4,4,56
798,Tammie O' Connell,12/29/2011,2022-12-29,12,3,20
799,Jami Plunket,7/16/2014,2022-07-15,7,4,49
800,Stacee Spinetti,4/20/2015,2022-04-20,4,2,12
801,Correna Segrave,7/9/2013,2022-07-08,7,4,49
802,Gil Hele,5/3/2012,2022-05-03,5,1,15
803,Isaiah Doig,11/1/2013,2022-11-01,11,1,12
804,Davidson Quodling,6/19/2014,2022-06-17,6,4,30
805,Saul Swaby,7/28/2014,2022-07-28,7,3,12
806,Melanie Glassard,8/22/2013,2022-08-22,8,0,12
807,Sharity Galland,1/16/2012,2022-01-14,1,4,30
808,Antoine Lillgard,5/10/2014,2022-05-10,5,1,15
809,Dorotea Wadesworth,9/12/2011,2022-09-12,9,0,7
810,Kimberlee Ciani,10/24/2014,2022-10-24,10,0,14
811,Pauline Dorsey,3/3/2015,2022-03-03,3,3,19
812,Bettina Forward,7/7/2015,2022-07-07,7,3,12
813,Mike Ginnelly,10/30/2011,2022-10-28,10,4,27
814,Conroy Hatcliffe,6/18/2012,2022-06-17,6,4,30
815,Cecil Gavaghan,1/12/2013,2022-01-12,1,2,14
816,Filippa Pattingson,11/4/2014,2022-11-04,11,4,39
817,Janene Harford,2/27/2012,2022-02-25,2,4,31
818,Carri Livings,7/27/2012,2022-07-27,7,2,19
819,Mitzi Kleinhandler,10/19/2013,2022-10-19,10,2,13
820,Shaine Matas,10/16/2012,2022-10-14,10,4,27
821,Fraze Tutin,9/2/2013,2022-09-02,9,4,41
822,Nola Mallett,6/10/2015,2022-06-10,6,4,30
823,Hardy Burford,4/5/2014,2022-04-05,4,1,4
824,Sarine Pedlingham,9/16/2013,2022-09-16,9,4,41
825,Bary Amyes,7/20/2013,2022-07-20,7,2,19
826,Berthe Sheerman,9/29/2013,2022-09-29,9,3,14
827,Charisse Divina,10/21/2014,2022-10-21,10,4,27
828,Calla Emms,7/22/2013,2022-07-22,7,4,49
829,West Breheny,4/25/2015,2022-04-25,4,0,10
830,Patsy Piner,9/29/2013,2022-09-29,9,3,14
831,Fairleigh Janusz,2/28/2012,2022-02-28,2,0,12
832,Rodrick Lepere,9/19/2012,2022-09-19,9,0,7
833,Kissie Burkert,7/28/2015,2022-07-28,7,3,12
834,Alanson Joost,7/10/2015,2022-07-08,7,4,49
835,Shelly Deares,7/17/2014,2022-07-15,7,4,49
836,Angy Moseby,2/27/2012,2022-02-25,2,4,31
837,Corabel Triggol,2/5/2015,2022-02-04,2,4,31
838,Jose Kennan,9/23/2011,2022-09-23,9,4,41
839,Ferd Dey,4/5/2015,2022-04-05,4,1,4
840,Katlin Bumphrey,2/28/2012,2022-02-28,2,0,12
841,Dana Gauld,7/15/2014,2022-07-15,7,4,49
842,Alys McReidy,10/21/2011,2022-10-21,10,4,27
843,Maure Kenwell,10/20/2012,2022-10-20,10,3,14
844,Virgie Roark,8/12/2015,2022-08-12,8,4,24
845,Jacklin Biggerstaff,5/30/2015,2022-05-30,5,0,7
846,Wade Fautly,9/28/2014,2022-09-28,9,2,7
847,Loydie Capewell,4/6/2014,2022-04-06,4,2,12
848,Emmalynn Sankey,6/11/2014,2022-06-10,6,4,30
849,Shannon Gerring,8/30/2013,2022-08-30,8,1,15
850,Denna Cornewall,10/17/2011,2022-10-17,10,0,14
851,Meyer Barca,7/13/2014,2022-07-13,7,2,19
852,Goldia Macklin,1/17/2013,2022-01-17,1,0,14
853,Curry Dawbery,4/25/2013,2022-04-25,4,0,10
854,Heidi Elderkin,11/16/2012,2022-11-16,11,2,17
855,Peggie Derrett,6/29/2012,2022-06-29,6,2,15
856,Ingunna Hauck,1/26/2015,2022-01-26,1,2,14
857,Emmott Gosson,2/1/2012,2022-02-01,2,1,13
858,Guinna O'Currine,2/7/2015,2022-02-07,2,0,12
859,Haleigh Causier,5/31/2012,2022-05-31,5,1,15
860,Karel Hovenden,10/6/2014,2022-10-06,10,3,14
861,Ragnar Heathcott,2/3/2015,2022-02-03,2,3,12
862,Axe Gleder,5/3/2014,2022-05-03,5,1,15
863,Poul Frane,4/11/2012,2022-04-11,4,0,10
864,Jerry Pelerin,11/17/2011,2022-11-17,11,3,13
865,Gayler Littledike,12/8/2013,2022-12-08,12,3,20
866,Bartlett Chilvers,8/22/2015,2022-08-22,8,0,12
867,Harwell Munnings,12/25/2013,2022-12-23,12,4,48
868,Russell Constantine,11/14/2012,2022-11-14,11,0,11
869,Zulema Ludlom,1/25/2015,2022-01-25,1,1,12
870,Dewain Wogdon,10/10/2014,2022-10-10,10,0,14
871,Merrily Altamirano,3/18/2013,2022-03-18,3,4,31
872,Bartholemy Rattrie,2/24/2013,2022-02-24,2,3,12
873,Leroi Heikkinen,4/21/2012,2022-04-21,4,3,11
874,Kamila Blakes,6/29/2014,2022-06-29,6,2,15
875,Vincent Seedull,1/12/2012,2022-01-12,1,2,14
876,Remy La Torre,4/23/2013,2022-04-22,4,4,56
877,Brig Lawty,3/28/2015,2022-03-28,3,0,8
878,Kassie Darben,2/10/2014,2022-02-10,2,3,12
879,Barnie Drees,4/25/2013,2022-04-25,4,0,10
880,Leslie Pezey,8/2/2013,2022-08-02,8,1,15
881,Ted Gobel,5/29/2014,2022-05-27,5,4,30
882,Noach Pagen,11/11/2013,2022-11-11,11,4,39
883,Elita Taggert,11/8/2012,2022-11-08,11,1,12
884,Tony Roches,7/3/2013,2022-07-01,7,4,49
885,Phelia Wines,12/7/2011,2022-12-07,12,2,9
886,Kris Boarer,2/4/2013,2022-02-04,2,4,31
887,Courtnay Fearey,1/30/2012,2022-01-28,1,4,30
888,Bartie Pedrazzi,1/8/2014,2022-01-07,1,4,30
889,Pincas Sogg,8/19/2015,2022-08-19,8,4,24
890,Delainey Rand,3/10/2012,2022-03-10,3,3,19
891,Alvy Fleis,10/28/2012,2022-10-28,10,4,27
892,Chrotoem Thominga,7/20/2014,2022-07-20,7,2,19
893,Ebeneser Gobel,5/10/2012,2022-05-10,5,1,15
894,Orelee Perillio,2/19/2014,2022-02-18,2,4,31
895,Carmelita Wiffen,9/11/2011,2022-09-09,9,4,41
896,Dion Grimestone,9/16/2011,2022-09-16,9,4,41
897,Terry Sloey,3/29/2013,2022-03-29,3,1,13
898,Reube Pallaske,8/4/2015,2022-08-04,8,3,10
899,Ossie Woodard,1/12/2012,2022-01-12,1,2,14
900,Olly Navarijo,9/8/2012,2022-09-08,9,3,14
901,Maybelle Shackesby,4/30/2015,2022-04-29,4,4,56
902,Seumas Plum,4/28/2013,2022-04-28,4,3,11
903,Burl Glassborow,7/31/2015,2022-07-29,7,4,49
904,Farra Laidler,3/29/2015,2022-03-29,3,1,13
905,Olwen Callicott,2/1/2013,2022-02-01,2,1,13
906,Zoe Djorvic,4/4/2013,2022-04-04,4,0,10
907,Tonye Faudrie,4/1/2012,2022-04-01,4,4,56
908,Jody Alvin,5/15/2013,2022-05-13,5,4,30
909,Brandie Feuell,5/10/2015,2022-05-10,5,1,15
910,Mic Stonard,7/12/2013,2022-07-12,7,1,12
911,Jilli Kevane,11/11/2011,2022-11-11,11,4,39
912,Jessie Fforde,6/5/2014,2022-06-03,6,4,30
913,Eleonora Manntschke,12/12/2014,2022-12-12,12,0,20
914,Westley Bergin,12/30/2012,2022-12-30,12,4,48
915,Thelma Carabine,6/14/2014,2022-06-14,6,1,11
916,Nannie Ferebee,3/11/2015,2022-03-11,3,4,31
917,Sib Klink,12/7/2014,2022-12-07,12,2,9
918,Keely Skellion,7/24/2015,2022-07-22,7,4,49
919,Erinna Rosthorn,6/14/2013,2022-06-14,6,1,11
920,Elvin Lewinton,9/10/2013,2022-09-09,9,4,41
921,Rosana Zoellner,5/19/2014,2022-05-19,5,3,12
922,Elaine Blackborough,7/31/2013,2022-07-29,7,4,49
923,Roddie Ovett,7/10/2013,2022-07-08,7,4,49
924,Ninnetta Galia,4/1/2013,2022-04-01,4,4,56
925,Casandra Norewood,11/24/2014,2022-11-24,11,3,13
926,Pen Haney`,12/25/2011,2022-12-23,12,4,48
927,Brigg Mendel,2/20/2015,2022-02-18,2,4,31
928,Susana Cookney,3/17/2012,2022-03-17,3,3,19
929,Codi Widger,7/4/2014,2022-07-04,7,0,11
930,Sonny Finlason,11/26/2014,2022-11-25,11,4,39
931,Felike Whardley,7/18/2014,2022-07-18,7,0,11
932,Aileen Overill,6/26/2012,2022-06-24,6,4,30
933,Rayna Hobble,1/2/2014,2021-12-31,12,4,48
934,Dela Corradeschi,10/4/2014,2022-10-04,10,1,9
935,Temple Arnald,11/15/2013,2022-11-15,11,1,12
936,Corey Garnsworthy,1/12/2012,2022-01-12,1,2,14
937,Lyssa Skotcher,3/3/2013,2022-03-03,3,3,19
938,Farra Congreave,6/20/2014,2022-06-20,6,0,9
939,Chanda Hartle,8/23/2014,2022-08-23,8,1,15
940,Emmott Pressman,11/2/2012,2022-11-02,11,2,17
941,Alvera Roussel,5/22/2013,2022-05-20,5,4,30
942,Korney Pennington,8/24/2013,2022-08-24,8,2,10
943,Travus Rousby,9/20/2011,2022-09-20,9,1,12
944,Wakefield Pleaden,2/21/2014,2022-02-21,2,0,12
945,Amy Pirrie,11/6/2013,2022-11-04,11,4,39
946,Barn Poyntz,6/22/2015,2022-06-22,6,2,15
947,Heindrick Okie,5/6/2014,2022-05-06,5,4,30
948,Gan Thulborn,12/18/2011,2022-12-16,12,4,48
949,Delphinia Wallach,6/12/2015,2022-06-10,6,4,30
950,Harlin Hallad,11/28/2012,2022-11-28,11,0,11
951,Ida Side,4/22/2015,2022-04-22,4,4,56
952,Lia Cavilla,4/6/2015,2022-04-06,4,2,12
953,Tammie Bevans,12/17/2012,2022-12-16,12,4,48
954,Towney Genny,10/26/2011,2022-10-26,10,2,13
955,Darsie Midson,7/10/2015,2022-07-08,7,4,49
956,Bobbee Timeby,10/12/2014,2022-10-12,10,2,13
957,Giacinta Pardal,5/28/2012,2022-05-27,5,4,30
958,Justinian McCrossan,1/25/2015,2022-01-25,1,1,12
959,Maxine Peizer,10/6/2013,2022-10-06,10,3,14
960,Claudell Oloshin,12/25/2011,2022-12-23,12,4,48
961,Risa Marc,7/31/2013,2022-07-29,7,4,49
962,Leontine Kowalski,12/31/2011,2022-12-30,12,4,48
963,Yasmin Lindsell,9/28/2012,2022-09-28,9,2,7
964,Carlyle Bestwick,8/8/2013,2022-08-08,8,0,12
965,Arnold Emps,6/22/2013,2022-06-22,6,2,15
966,Cassandry Trevaskus,1/5/2015,2022-01-05,1,2,14
967,Julianna Whitlock,2/25/2014,2022-02-25,2,4,31
968,Meryl Grzelewski,6/4/2012,2022-06-03,6,4,30
969,Louella Ketch,8/17/2015,2022-08-17,8,2,10
970,Meredith Dreng,9/12/2011,2022-09-12,9,0,7
971,Brana Bridgstock,1/4/2015,2022-01-04,1,1,12
972,Efrem Roswarne,10/21/2014,2022-10-21,10,4,27
973,Catrina Hannabuss,3/12/2012,2022-03-11,3,4,31
974,Ainslie Swansbury,10/3/2012,2022-10-03,10,0,14
975,Jerry Archard,3/9/2013,2022-03-09,3,2,6
976,Cly Chevis,12/19/2012,2022-12-19,12,0,20
977,Tarrance Alves,12/24/2013,2022-12-23,12,4,48
978,Geneva Bakesef,12/5/2014,2022-12-05,12,0,20
979,Rosaline Youel,3/19/2013,2022-03-18,3,4,31
980,Livvyy Cessford,6/23/2014,2022-06-23,6,3,12
981,Deirdre Maharey,7/17/2015,2022-07-15,7,4,49
982,Dyan Heckney,5/2/2014,2022-05-02,5,0,7
983,Alika Bunclark,11/9/2014,2022-11-09,11,2,17
984,Daryle Flewitt,9/11/2012,2022-09-09,9,4,41
985,Clovis Okeshott,2/1/2015,2022-02-01,2,1,13
986,Gratia Shory,4/2/2015,2022-04-01,4,4,56
987,Alane Beidebeke,11/22/2012,2022-11-22,11,1,12
988,Bridie Hembery,5/26/2013,2022-05-26,5,3,12
989,Hannis Loughran,2/2/2013,2022-02-02,2,2,8
990,Gwen Glowinski,3/4/2012,2022-03-04,3,4,31
991,Henrie Wrightson,12/1/2014,2022-12-01,12,3,20
992,Ludwig Raine,2/18/2014,2022-02-18,2,4,31
993,Hamel Pie,12/24/2013,2022-12-23,12,4,48
994,Tamma Sergison,6/19/2012,2022-06-17,6,4,30
995,Ninetta Worling,2/15/2015,2022-02-15,2,1,13
996,Stanford Tinton,4/9/2013,2022-04-08,4,4,56
997,Ertha MacCook,12/14/2013,2022-12-14,12,2,9
998,Lawton Randles,12/12/2011,2022-12-12,12,0,20
999,Engracia Pashbee,9/23/2013,2022-09-23,9,4,41
